WORD	INDEX
.	0
the	1
to	2
,	3
and	4
of	5
in	6
a	7
for	8
	9
on	10
i	11
:	12
is	13
this	14
that	15
with	16
our	17
at	18
!	19
my	20
we	21
you	22
it	23
today	24
be	25
will	26
are	27
from	28
ûªs	29
"	30
by	31
have	32
about	33
as	34
&	35
their	36
-	37
more	38
was	39
who	40
house	41
great	42
can	43
all	44
has	45
an	46
new	47
your	48
not	49
?	50
here	51
(	52
bill	53
president	54
his	55
)	56
û	57
they	58
act	59
congress	60
if	61
out	62
day	63
veterans	64
work	65
me	66
time	67
do	68
what	69
help	70
health	71
but	72
us	73
/	74
	75
or	76
s	77
jobs	78
people	79
state	80
am	81
government	82
obamacare	83
care	84
american	85
up	86
so	87
u	88
americans	89
rt	90
year	91
need	92
one	93
senate	94
he	95
support	96
week	97
service	98
$	99
'	100
how	101
would	102
now	103
families	104
thanks	105
law	106
obama	107
w	108
office	109
national	110
federal	111
these	112
make	113
those	114
read	115
get	116
just	117
should	118
like	119
first	120
women	121
been	122
last	123
morning	124
proud	125
must	126
community	127
see	128
than	129
thank	130
budget	131
had	132
country	133
watch	134
economy	135
nation	136
which	137
them	138
ûò	139
over	140
please	141
washington	142
there	143
good	144
no	145
vote	146
continue	147
working	148
district	149
students	150
years	151
some	152
school	153
know	154
news	155
take	156
legislation	157
important	158
county	159
join	160
family	161
committee	162
job	163
when	164
congressional	165
its	166
happy	167
many	168
live	169
immigration	170
it's	171
local	172
energy	173
hearing	174
passed	175
america	176
va	177
meeting	178
military	179
into	180
reform	181
tax	182
her	183
business	184
why	185
back	186
honor	187
public	188
visit	189
share	190
states	191
i'm	192
want	193
keep	194
protect	195
also	196
talk	197
discuss	198
forward	199
members	200
...	201
other	202
senator	203
million	204
small	205
2	206
world	207
yesterday	208
learn	209
right	210
town	211
tonight	212
said	213
opportunity	214
hall	215
during	216
while	217
voted	218
ûªt	219
were	220
way	221
bipartisan	222
program	223
security	224
û_	225
rep	226
against	227
tune	228
below	229
through	230
issues	231
united	232
plan	233
most	234
next	235
hope	236
after	237
high	238
irs	239
home	240
end	241
being	242
information	243
meet	244
businesses	245
any	246
floor	247
every	248
go	249
very	250
education	251
only	252
best	253
congressman	254
sen	255
sure	256
economic	257
down	258
department	259
check	260
stop	261
future	262
war	263
could	264
hear	265
pay	266
staff	267
center	268
spending	269
workers	270
funding	271
1	272
going	273
where	274
joined	275
part	276
laws	277
month	278
look	279
efforts	280
across	281
administration	282
safe	283
tomorrow	284
made	285
honored	286
call	287
insurance	288
find	289
children	290
pm	291
another	292
2014	293
statement	294
capitol	295
did	296
ûª	297
affordable	298
city	299
together	300
;	301
full	302
action	303
still	304
colleagues	305
communities	306
give	307
show	308
men	309
better	310
via	311
come	312
icymi	313
before	314
thoughts	315
m	316
click	317
think	318
today's	319
%	320
everyone	321
since	322
ûªm	323
fight	324
r	325
because	326
republicans	327
debt	328
address	329
ensure	330
questions	331
looking	332
safety	333
hard	334
dc	335
bring	336
system	337
services	338
making	339
lives	340
introduced	341
congratulations	342
needs	343
pass	344
free	345
leaders	346
including	347
video	348
2013	349
cuts	350
much	351
lost	352
photo	353
night	354
open	355
may	356
she	357
life	358
few	359
amendment	360
provide	361
leadership	362
secretary	363
don't	364
link	365
let	366
too	367
long	368
two	369
critical	370
history	371
days	372
access	373
report	374
under	375
event	376
met	377
use	378
benefits	379
such	380
shutdown	381
10	382
spoke	383
freedom	384
rights	385
force	386
change	387
well	388
4	389
stand	390
i'll	391
put	392
costs	393
air	394
even	395
seniors	396
texas	397
post	398
programs	399
violence	400
comprehensive	401
him	402
again	403
syria	404
billion	405
area	406
able	407
create	408
employees	409
west	410
off	411
enjoyed	412
both	413
weekend	414
young	415
john	416
research	417
ago	418
agree	419
latest	420
never	421
around	422
mt	423
interview	424
got	425
gop	426
done	427
big	428
serve	429
prayers	430
speak	431
defense	432
college	433
millions	434
past	435
hours	436
congrats	437
listen	438
park	439
higher	440
prevent	441
remember	442
friends	443
special	444
say	445
press	446
real	447
issue	448
annual	449
earlier	450
place	451
medical	452
resources	453
constituents	454
unemployment	455
p	456
quality	457
private	458
talking	459
conference	460
award	461
story	462
pleased	463
always	464
de	465
monday	466
development	467
recent	468
problem	469
believe	470
receive	471
h	472
then	473
border	474
group	475
times	476
without	477
policy	478
until	479
white	480
same	481
sanders	482
speaking	483
general	484
increase	485
republican	486
held	487
affairs	488
food	489
executive	490
allow	491
deserve	492
member	493
debate	494
growth	495
follow	496
letter	497
getting	498
leader	499
anniversary	500
left	501
+	502
justice	503
strong	504
already	505
st	506
c	507
each	508
cut	509
birthday	510
team	511
having	512
crisis	513
gun	514
glad	515
doing	516
visiting	517
democrats	518
fair	519
fighting	520
academy	521
medicare	522
representatives	523
d	524
equal	525
welcome	526
assistance	527
afternoon	528
own	529
farm	530
folks	531
tour	532
friend	533
taking	534
helping	535
3	536
nearly	537
importance	538
number	539
top	540
that's	541
officials	542
schools	543
sign	544
veteran	545
start	546
hosting	547
enforcement	548
agency	549
5	550
commitment	551
visited	552
website	553
victims	554
industry	555
financial	556
throughout	557
along	558
kids	559
current	560
bills	561
percent	562
student	563
healthcare	564
valley	565
means	566
speech	567
hold	568
taxes	569
signed	570
decision	571
step	572
op-ed	573
article	574
facility	575
nsa	576
raise	577
power	578
progress	579
cost	580
ceremony	581
ûªve	582
continues	583
human	584
awareness	585
troops	586
makes	587
impact	588
face	589
credit	590
list	591
union	592
la	593
rules	594
en	595
process	596
north	597
former	598
passing	599
fox	600
problems	601
facebook	602
project	603
saturday	604
due	605
july	606
solution	607
hill	608
celebrate	609
online	610
constitution	611
6	612
rates	613
sacrifice	614
chairman	615
plans	616
rate	617
civil	618
away	619
majority	620
came	621
ready	622
mental	623
reduce	624
four	625
president's	626
less	627
lot	628
benghazi	629
ct	630
focus	631
thing	632
manufacturing	633
true	634
south	635
companies	636
infrastructure	637
@	638
÷	639
ûªre	640
control	641
accountability	642
mr	643
order	644
policies	645
dr	646
coming	647
others	648
says	649
can't	650
money	651
et	652
let's	653
resolution	654
does	655
things	656
march	657
details	658
between	659
votes	660
missed	661
democracy	662
don	663
innovation	664
facing	665
deal	666
york	667
once	668
discussion	669
took	670
yet	671
works	672
fire	673
political	674
housing	675
improve	676
director	677
cancer	678
individuals	679
association	680
case	681
university	682
save	683
forget	684
fiscal	685
minimum_wage	686
potus	687
pipeline	688
recently	689
here's	690
supreme_court	691
received	692
ways	693
needed	694
love	695
really	696
voting	697
major	698
challenges	699
supporting	700
soon	701
transportation	702
conservative	703
workforce	704
three	705
excited	706
labor	707
we're	708
success	709
holding	710
central	711
interested	712
12	713
discussing	714
30	715
brave	716
caucus	717
radio	718
joining	719
11	720
fact	721
expand	722
discussed	723
residents	724
stay	725
celebrating	726
remain	727
record	728
child	729
tell	730
told	731
concerns	732
delay	733
reforms	734
combat	735
hr	736
citizens	737
response	738
opening	739
available	740
vets	741
emergency	742
parents	743
served	744
clean	745
released	746
far	747
currently	748
clear	749
voice	750
calling	751
pleasure	752
growing	753
san	754
chance	755
taxpayers	756
concerned	757
foreign	758
isis	759
seeing	760
region	761
broken	762
used	763
game	764
water	765
spent	766
role	767
mayor	768
100	769
agencies	770
commerce	771
photos	772
regarding	773
friday	774
continuing	775
announced	776
wonderful	777
simply	778
set	779
mexico	780
grant	781
approach	782
heroes	783
1st	784
april	785
called	786
council	787
asked	788
afghanistan	789
volunteers	790
worked	791
named	792
participate	793
wish	794
library	795
return	796
social	797
info	798
army	799
living	800
land	801
data	802
coverage	803
effort	804
lead	805
months	806
ask	807
international	808
urge	809
paid	810
provides	811
40	812
weekly	813
reminder	814
found	815
serving	816
environment	817
despite	818
wishing	819
tuesday	820
challenge	821
cannot	822
ûïi	823
represent	824
page	825
i've	826
you're	827
premiums	828
grow	829
legislative	830
board	831
thursday	832
stopped	833
instead	834
el	835
takes	836
renewui	837
ever	838
priority	839
representative	840
senior	841
hospital	842
within	843
deficit	844
aca	845
head	846
arizona	847
spend	848
celebration	849
failed	850
technology	851
protecting	852
stem	853
early	854
stories	855
aid	856
employers	857
present	858
according	859
chamber	860
fix	861
everything	862
domestic	863
using	864
oil	865
evening	866
50	867
run	868
forum	869
peace	870
equality	871
heard	872
personal	873
second	874
move	875
update	876
proposed	877
8	878
king	879
line	880
possible	881
creation	882
repeal	883
fort	884
fund	885
virginia	886
close	887
reported	888
drug	889
black	890
answer	891
encourage	892
bernie_sanders	893
attack	894
police	895
targeting	896
training	897
reading	898
creating	899
toward	900
official	901
nation's	902
later	903
threat	904
courage	905
student_loan	906
israel	907
enjoy	908
sequester	909
eric	910
company	911
sequestration	912
interest	913
investment	914
events	915
hardworking	916
relief	917
paul	918
management	919
entire	920
permanent	921
red	922
affected	923
average	924
attended	925
committed	926
coffee	927
name	928
promote	929
guard	930
boston	931
2015	932
attend	933
agriculture	934
rule	935
deadline	936
calls	937
point	938
20	939
become	940
sotu	941
youth	942
earned	943
street	944
announce	945
raisethewage	946
ii	947
proposal	948
jim	949
experience	950
priorities	951
2012	952
path	953
medal	954
¢	955
historic	956
obama's	957
grand	958
advocate	959
oversight	960
building	961
season	962
climate	963
msnbc	964
finally	965
sent	966
win	967
several	968
funds	969
weeks	970
coalition	971
delegation	972
fairness	973
restore	974
attacks	975
y	976
lower	977
recognize	978
release	979
disaster	980
ûó	981
soldiers	982
4th	983
leading	984
enforce	985
wait	986
wrong	987
session	988
solutions	989
opportunities	990
woman	991
tbt	992
mobile	993
rest	994
helped	995
appropriations	996
based	997
deeply	998
legacy	999
o	1000
congresswoman	1001
five	1002
production	1003
responsible	1004
17	1005
agreement	1006
13	1007
defend	1008
question	1009
choice	1010
september	1011
review	1012
field	1013
contact	1014
girls	1015
comes	1016
mark	1017
waiting	1018
chief	1019
largest	1020
consider	1021
farmers	1022
individual	1023
might	1024
actions	1025
david	1026
conversation	1027
moment	1028
ebola	1029
15	1030
situation	1031
recovery	1032
accountable	1033
pres	1034
shared	1035
potential	1036
additional	1037
california	1038
east	1039
grants	1040
shows	1041
ûïthe	1042
dedicated	1043
sandy	1044
responsibility	1045
thousands	1046
favorite	1047
increasing	1048
politics	1049
build	1050
extend	1051
necessary	1052
example	1053
]	1054
nomination	1055
e-newsletter	1056
transparency	1057
however	1058
exchange	1059
memorial	1060
3rd	1061
ohio	1062
serious	1063
prevention	1064
truly	1065
middle_class	1066
[	1067
art_competition	1068
among	1069
heart	1070
unacceptable	1071
trillion	1072
yes	1073
ahead	1074
marks	1075
recognized	1076
push	1077
governor	1078
middle	1079
trip	1080
gas	1081
matter	1082
phone	1083
luck	1084
following	1085
least	1086
begin	1087
iraq	1088
protection	1089
areas	1090
fall	1091
cover	1092
mission	1093
happening	1094
steps	1095
mckinley	1096
fellow	1097
los	1098
brought	1099
disease	1100
independence	1101
loss	1102
illinois	1103
operations	1104
giving	1105
epa	1106
class	1107
bad	1108
supported	1109
dedication	1110
balanced	1111
remarks	1112
trafficking	1113
roundtable	1114
9	1115
sector	1116
parks	1117
ground	1118
amendments	1119
includes	1120
loans	1121
subcommittee	1122
ability	1123
ûªll	1124
marine	1125
levels	1126
7	1127
attention	1128
breaking	1129
flag	1130
groups	1131
poverty	1132
thx	1133
spread	1134
talked	1135
greater	1136
code	1137
immigrants	1138
appreciate	1139
leave	1140
joe	1141
hosted	1142
benefit	1143
greatest	1144
november	1145
speaker_boehner	1146
owners	1147
block	1148
vietnam	1149
generation	1150
rural	1151
authorization	1152
alaska	1153
saying	1154
actually	1155
michigan	1156
answers	1157
editorial	1158
site	1159
summer	1160
mandate	1161
old	1162
tx	1163
abuse	1164
counties	1165
touring	1166
doctors	1167
privacy	1168
dollars	1169
enough	1170
patients	1171
attending	1172
ideas	1173
parade	1174
defund	1175
powerful	1176
behind	1177
though	1178
trade	1179
asking	1180
internet	1181
miller	1182
receiving	1183
tragic	1184
mcconnell	1185
8:	1186
@speakerboehner	1187
*	1188
revenue	1189
personnel	1190
cause	1191
environmental	1192
employment	1193
something	1194
death	1195
trust	1196
faith	1197
further	1198
bringing	1199
mike	1200
man	1201
light	1202
standing	1203
):	1204
won	1205
fewer	1206
taken	1207
johnson	1208
longer	1209
meetings	1210
allowing	1211
skills	1212
tcot	1213
submit	1214
wants	1215
applaud	1216
contest	1217
send	1218
florida	1219
usa	1220
little	1221
keeping	1222
eastern	1223
teachers	1224
included	1225
decisions	1226
southern	1227
apply	1228
chat	1229
starting	1230
dream	1231
freedoms	1232
word	1233
son	1234
society	1235
providing	1236
al	1237
science	1238
products	1239
measure	1240
natural	1241
remains	1242
study	1243
exchanges	1244
seek	1245
snap	1246
keystone_xl	1247
almost	1248
twitter	1249
catch	1250
firefighters	1251
art	1252
capital	1253
father	1254
created	1255
winning	1256
incredible	1257
daily	1258
az	1259
risk	1260
sec	1261
james	1262
organizations	1263
initiative	1264
america's	1265
started	1266
whether	1267
campaign	1268
certain	1269
innovative	1270
weather	1271
flight	1272
updates	1273
moving	1274
schedule	1275
message	1276
28	1277
sacrifices	1278
authority	1279
behalf	1280
continued	1281
overseas	1282
navy	1283
fed	1284
reason	1285
flood	1286
honoring	1287
co	1288
december	1289
branch	1290
market	1291
party	1292
income	1293
attorney	1294
added	1295
wage	1296
balance	1297
what's	1298
towards	1299
consumer	1300
difficult	1301
north_dakota	1302
gave	1303
succeed	1304
june	1305
near	1306
someone	1307
miss	1308
single	1309
emails	1310
regulations	1311
august	1312
unfortunately	1313
beginning	1314
piece	1315
club	1316
outside	1317
nothing	1318
channel	1319
thomas	1320
long-term	1321
raising	1322
lack	1323
treatment	1324
october	1325
six	1326
q	1327
trainwreck	1328
victory	1329
especially	1330
invest	1331
2nd	1332
consequences	1333
mountain	1334
strengthen	1335
el_paso	1336
marketplace	1337
applications	1338
secure	1339
harm	1340
jr	1341
went	1342
view	1343
isn't	1344
headed	1345
series	1346
hands	1347
global	1348
hurt	1349
partnership	1350
responders	1351
ongoing	1352
river	1353
wages	1354
liberty	1355
goes	1356
projects	1357
listening	1358
minutes	1359
grateful	1360
hero	1361
understand	1362
we've	1363
vawa	1364
joint	1365
essential	1366
increased	1367
year's	1368
constitutional	1369
drive	1370
sexual_assault	1371
iran	1372
wall_street	1373
career	1374
coast	1375
column	1376
14	1377
competition	1378
b	1379
limit	1380
upon	1381
innocent	1382
media	1383
key	1384
winner	1385
native	1386
generations	1387
addressing	1388
requires	1389
guest	1390
preserve	1391
seen	1392
claims	1393
lawmakers	1394
interests	1395
nationwide	1396
led	1397
given	1398
enrollment	1399
discrimination	1400
forest	1401
nice	1402
keystone	1403
often	1404
reach	1405
carolina	1406
changed	1407
involved	1408
bank	1409
request	1410
ûï	1411
assist	1412
impacted	1413
construction	1414
email	1415
jeff	1416
travel	1417
effects	1418
half	1419
lunch	1420
farmbill	1421
sharing	1422
heading	1423
tragedy	1424
doesn't	1425
rhode_island	1426
level	1427
scout	1428
advance	1429
judiciary	1430
spring	1431
elected	1432
foundation	1433
wednesday	1434
flexibility	1435
voter	1436
low	1437
cutting	1438
reports	1439
senators	1440
ignore	1441
christmas	1442
sunday	1443
regional	1444
include	1445
person	1446
robert	1447
davis	1448
n	1449
toured	1450
religious	1451
implement	1452
happen	1453
hundreds	1454
agenda	1455
northern	1456
wwii	1457
lake	1458
mcdonald	1459
oklahoma	1460
nations	1461
hire	1462
measures	1463
promises	1464
covered	1465
options	1466
holiday	1467
select	1468
officers	1469
try	1470
22	1471
legal	1472
independent	1473
constituent	1474
23	1475
books	1476
age	1477
intelligence	1478
choose	1479
late	1480
kind	1481
dems	1482
healthy	1483
status	1484
train	1485
medicaid	1486
week's	1487
journal	1488
cosponsor	1489
heritage	1490
focused	1491
60	1492
corps	1493
rather	1494
price	1495
offer	1496
coal	1497
showing	1498
myself	1499
que	1500
difference	1501
gives	1502
guns	1503
forced	1504
feel	1505
idaho	1506
200	1507
died	1508
un	1509
spirit	1510
cornyn	1511
outstanding	1512
base	1513
surveillance	1514
chair	1515
sgt	1516
volunteer	1517
position	1518
fallen	1519
summit	1520
mean	1521
tennessee	1522
democrat	1523
sat	1524
gets	1525
introduce	1526
road	1527
championship	1528
effect	1529
mother	1530
indiana	1531
korean	1532
vital	1533
crimes	1534
keystonexl	1535
hour	1536
partisan	1537
host	1538
activity	1539
result	1540
investigation	1541
fema	1542
@washingtonpost	1543
abt	1544
saw	1545
beautiful	1546
george	1547
stopping	1548
patient	1549
passage	1550
common	1551
full-time	1552
battle	1553
ensuring	1554
date	1555
timeisnow	1556
increases	1557
idea	1558
dollar	1559
promise	1560
21	1561
taxpayer	1562
consumers	1563
values	1564
significant	1565
third	1566
investments	1567
application	1568
10:30	1569
crucial	1570
disabilities	1571
ceo	1572
different	1573
ed	1574
achieve	1575
bureau	1576
beach	1577
words	1578
citizenship	1579
shut	1580
ar2	1581
didn't	1582
pjnet	1583
privilege	1584
eagle	1585
compromise	1586
located	1587
reasons	1588
25	1589
neighbors	1590
holder	1591
finding	1592
simple	1593
naval	1594
technical	1595
homeland	1596
avoid	1597
pray	1598
cir	1599
paying	1600
western	1601
elementary	1602
lands	1603
wrote	1604
±	1605
play	1606
signing	1607
highlights	1608
inspiring	1609
cast	1610
idpol	1611
colorado	1612
employer	1613
pennsylvania	1614
inc	1615
facilities	1616
learning	1617
fourth	1618
trying	1619
11th	1620
isil	1621
strategy	1622
mary	1623
uniform	1624
cuba	1625
devastating	1626
admin	1627
ultimately	1628
damage	1629
ceiling	1630
views	1631
green	1632
provided	1633
ukraine	1634
dinner	1635
uninsured	1636
require	1637
breakfast	1638
offered	1639
star	1640
extremely	1641
facts	1642
common_sense	1643
duty	1644
expansion	1645
ends	1646
fossil	1647
puts	1648
loved_ones	1649
nuclear	1650
airport	1651
amnesty	1652
del	1653
boost	1654
addition	1655
hurting	1656
successful	1657
missouri	1658
fully	1659
tips	1660
yrs	1661
you'll	1662
mind	1663
immediately	1664
accept	1665
issued	1666
bob	1667
presented	1668
kerry	1669
engineering	1670
fraud	1671
women's	1672
wife	1673
gopshutdown	1674
kentucky	1675
known	1676
employee	1677
certainty	1678
helps	1679
reality	1680
we'll	1681
passes	1682
learned	1683
21st_century	1684
rising	1685
halls	1686
@whitehouse	1687
para	1688
side	1689
ag	1690
conservatives	1691
rally	1692
urging	1693
commission	1694
resident	1695
direct	1696
peter	1697
speaker	1698
closed	1699
allies	1700
bureaucrats	1701
respect	1702
ending	1703
louisiana	1704
watching	1705
boy	1706
commissioner	1707
active	1708
markets	1709
putting	1710
playing	1711
checks	1712
comments	1713
sessions	1714
cst	1715
fought	1716
sending	1717
9/11	1718
recognition	1719
activities	1720
upcoming	1721
cases	1722
parties	1723
opposition	1724
warm	1725
everyday	1726
investigate	1727
colleague	1728
thankful	1729
highlighting	1730
tradition	1731
obamacare's	1732
supports	1733
africa	1734
terrorist	1735
cr	1736
rise	1737
existing	1738
shouldn't	1739
limited	1740
gen	1741
reflect	1742
there's	1743
cities	1744
centers	1745
lgbt	1746
russia	1747
harry_reid	1748
provision	1749
uss	1750
advantage	1751
broad	1752
sc	1753
thanksgiving	1754
commonsense	1755
announcement	1756
station	1757
easy	1758
newsletter	1759
ruling	1760
numbers	1761
@foxnews	1762
themselves	1763
disappointed	1764
ryan	1765
tom	1766
wing	1767
break	1768
©	1769
term	1770
scandal	1771
whose	1772
chicago	1773
add	1774
terror	1775
storm	1776
solve	1777
frank	1778
por	1779
hampshire	1780
bottom	1781
exciting	1782
con	1783
above	1784
l	1785
network	1786
arts	1787
democratic	1788
either	1789
confirmed	1790
appreciation	1791
nj	1792
teacher	1793
returning	1794
operation	1795
winners	1796
turnout	1797
patrol	1798
forces	1799
front	1800
cbo	1801
2001	1802
tech	1803
rich	1804
sets	1805
direction	1806
requiring	1807
island	1808
10.10	1809
telephone	1810
harmful	1811
amazing	1812
springs	1813
11am	1814
expect	1815
scott	1816
determination	1817
|	1818
offices	1819
advisory	1820
whole	1821
waste	1822
>	1823
allows	1824
hhs	1825
losing	1826
survivors	1827
deployed	1828
tours	1829
ambassador	1830
4jobs	1831
bullying	1832
accounts	1833
introducing	1834
fuel	1835
martin_luther	1836
culture	1837
academies	1838
helpful	1839
wind	1840
encouraging	1841
room	1842
expanding	1843
perfect	1844
16	1845
praying	1846
ice	1847
raised	1848
provisions	1849
fast	1850
acts	1851
tim	1852
drop	1853
kennedy	1854
plant	1855
crowd	1856
jack	1857
113th	1858
fun	1859
sebelius	1860
govt	1861
dangerous	1862
huge	1863
protected	1864
seeking	1865
citizen	1866
neighborhood	1867
god	1868
fail	1869
opposed	1870
exactly	1871
truth	1872
running	1873
appropriate	1874
paycheck	1875
ca	1876
san_antonio	1877
gov	1878
rotary_club	1879
ribbon_cutting	1880
terrorists	1881
specific	1882
entry	1883
sad	1884
gratitude	1885
planning	1886
original	1887
account	1888
interesting	1889
produce	1890
creates	1891
approval	1892
healthcare.gov	1893
homes	1894
relationship	1895
lifetime	1896
develop	1897
diego	1898
welcoming	1899
mrs	1900
carson	1901
thought	1902
blessed	1903
strongly	1904
panel	1905
per	1906
homeless	1907
happened	1908
id	1909
sexual	1910
nutrition	1911
begins	1912
g	1913
lerner	1914
k	1915
strength	1916
lowest	1917
tremendous	1918
2011	1919
reducing	1920
movement	1921
improving	1922
extreme	1923
clicking	1924
renew	1925
earth	1926
positive	1927
background	1928
opposing	1929
submitted	1930
ban	1931
anyone	1932
falls	1933
changes	1934
nh	1935
lose	1936
urban	1937
considered	1938
eliminating	1939
church	1940
decade	1941
cdc	1942
changing	1943
ky	1944
cure	1945
festival	1946
faa	1947
postal	1948
seven	1949
outrageous	1950
knew	1951
clearly	1952
language	1953
estimated	1954
god_bless	1955
christian	1956
shall	1957
worth	1958
played	1959
lois	1960
ny	1961
killed	1962
beyond	1963
moral	1964
affect	1965
period	1966
sacrificed	1967
poor	1968
@barackobama	1969
participated	1970
lincoln	1971
delivery	1972
reserve	1973
register	1974
=	1975
testify	1976
museum	1977
likely	1978
extending	1979
wishes	1980
ten	1981
briefing	1982
double	1983
@wsj	1984
hopeful	1985
alone	1986
became	1987
onto	1988
limits	1989
he's	1990
institute	1991
scouts	1992
organization	1993
intervention	1994
allowed	1995
published	1996
space	1997
winter	1998
backlog	1999
10th	2000
closing	2001
cosponsoring	2002
elections	2003
income_inequality	2004
diabetes	2005
miami	2006
posted	2007
saddened	2008
failure	2009
built	2010
car	2011
70	2012
flags	2013
tornado	2014
prohibits	2015
forever	2016
dontdoublemyrate	2017
conversations	2018
uncertainty	2019
showed	2020
negotiations	2021
main	2022
safer	2023
package	2024
bus	2025
inspired	2026
prepare	2027
providers	2028
amount	2029
camp	2030
partners	2031
hit	2032
table	2033
track	2034
overreach	2035
orange	2036
enrolled	2037
vulnerable	2038
georgia	2039
touch	2040
successfully	2041
talented	2042
i-vt	2043
jan	2044
pursue	2045
picture	2046
cnn	2047
õ	2048
andrew	2049
oath	2050
@usatoday	2051
maryland	2052
born	2053
barack	2054
restaurant	2055
struggling	2056
gao	2057
internship	2058
intern	2059
visits	2060
quickly	2061
mess	2062
feet	2063
brothers	2064
¼	2065
smith	2066
type	2067
officially	2068
2010	2069
requesting	2070
retirement	2071
william	2072
represents	2073
adams	2074
feedback	2075
inspector	2076
lawsuit	2077
informed	2078
steve	2079
goal	2080
e	2081
kansas	2082
aerospace	2083
disabled	2084
stood	2085
prescription	2086
8th	2087
february	2088
bringbackourgirls	2089
strike	2090
beaches	2091
desk	2092
investing	2093
@deptvetaffairs	2094
highway	2095
terms	2096
location	2097
spying	2098
blog	2099
medals	2100
struggle	2101
arkansas	2102
europe	2103
richard	2104
cosponsored	2105
budgets	2106
fear	2107
equipment	2108
store	2109
expensive	2110
tough	2111
firsthand	2112
@thehill	2113
technologies	2114
silence	2115
gold	2116
ap	2117
comment	2118
engaged	2119
worse	2120
conditions	2121
decided	2122
final	2123
displayed	2124
sides	2125
joy	2126
mississippi	2127
property	2128
@financialcmte	2129
24	2130
hearts	2131
reaching	2132
eligible	2133
drugs	2134
champion	2135
illegally	2136
looks	2137
approve	2138
ray	2139
theft	2140
replace	2141
sept	2142
vietnamese	2143
refused	2144
google	2145
tea	2146
boys	2147
reopen	2148
awarded	2149
hunger	2150
armed	2151
appeared	2152
korea	2153
ourselves	2154
app	2155
crime	2156
obligation	2157
henry	2158
massive	2159
improvement	2160
round	2161
ranks	2162
form	2163
murray	2164
deliver	2165
busy	2166
mi	2167
@msnbc	2168
competitive	2169
wildfire	2170
thrilled	2171
corker	2172
biz	2173
lawrence	2174
ms	2175
costly	2176
alexander	2177
participating	2178
rachel	2179
identity	2180
sworn	2181
rebuild	2182
sergeant	2183
fields	2184
related	2185
suicide	2186
armed_forces	2187
miles	2188
book	2189
sense	2190
rely	2191
reagan	2192
basic	2193
31	2194
proposals	2195
banks	2196
awards	2197
command	2198
ûªd	2199
tribute	2200
pushing	2201
11:30	2202
requirements	2203
presidential	2204
nominations	2205
representing	2206
participation	2207
ultimate	2208
thompson	2209
historical	2210
bridge	2211
closer	2212
beliefs	2213
fathers	2214
highlight	2215
negotiate	2216
purple_heart	2217
lt	2218
particularly	2219
sites	2220
confirms	2221
29	2222
minnesota	2223
f	2224
concerning	2225
owner	2226
afford	2227
finance	2228
tools	2229
jonathan	2230
workshop	2231
port	2232
card	2233
orders	2234
won't	2235
equalpay	2236
moved	2237
:/	2238
effectively	2239
cc	2240
principles	2241
forgotten	2242
re	2243
exercise	2244
memory	2245
file	2246
addressed	2247
dept	2248
traffic	2249
tonight's	2250
adoption	2251
turn	2252
consideration	2253
securing	2254
delaying	2255
segment	2256
biggest	2257
places	2258
liberties	2259
alabama	2260
course	2261
willing	2262
caused	2263
implementation	2264
workplace	2265
selected	2266
testifying	2267
countries	2268
manner	2269
michael	2270
preparing	2271
grade	2272
10am	2273
keeps	2274
frm	2275
complete	2276
dad	2277
ben	2278
billions	2279
jamboree	2280
19	2281
target	2282
ri	2283
burden	2284
excellent	2285
offering	2286
5th	2287
refusing	2288
demand	2289
marijuana	2290
150	2291
montgomery	2292
mom	2293
recipients	2294
terrorism	2295
temporary	2296
v	2297
previous	2298
gap	2299
las	2300
newspaper	2301
kicks	2302
electric	2303
adding	2304
patrick	2305
lines	2306
ranking	2307
bike	2308
monthly	2309
eliminate	2310
occurred	2311
else	2312
alert	2313
hrs	2314
marriage	2315
th	2316
joins	2317
effective	2318
remembered	2319
consistently	2320
@corybooker	2321
doesn	2322
mandates	2323
alzheimer	2324
impressive	2325
jersey	2326
communicate	2327
detainees	2328
worst	2329
timetobuild	2330
prepared	2331
unit	2332
prime	2333
cfpb	2334
bonds	2335
suffer	2336
century	2337
league	2338
criminal	2339
charge	2340
certainly	2341
required	2342
corner	2343
worker	2344
seems	2345
chatting	2346
buy	2347
scholarship	2348
efficiency	2349
officer	2350
broadcast	2351
haven't	2352
hagel	2353
lance	2354
americorps	2355
colleges	2356
testimony	2357
internal	2358
chemical_weapons	2359
designed	2360
resource	2361
prioritize	2362
corporate	2363
mexican	2364
fbi	2365
pain	2366
marathon	2367
professionals	2368
epidemic	2369
blue	2370
birth	2371
fundamental	2372
carry	2373
tulsi_gabbard	2374
mlk	2375
castro	2376
koch	2377
global_warming	2378
hoping	2379
celebrated	2380
d-day	2381
restoring	2382
finish	2383
experiences	2384
26	2385
kicking	2386
proper	2387
overtime	2388
total	2389
easier	2390
gone	2391
hoosiers	2392
cspan	2393
telling	2394
2009	2395
townhall	2396
january	2397
wasteful	2398
2pm	2399
t	2400
deportations	2401
much-needed	2402
entrepreneurs	2403
strengthening	2404
knows	2405
regime	2406
blocked	2407
welcomed	2408
purchase	2409
ff	2410
furloughed	2411
congratulate	2412
compete	2413
court	2414
variety	2415
pentagon	2416
identified	2417
invited	2418
lots	2419
attendance	2420
so-called	2421
vice	2422
ok	2423
kevin	2424
stationed	2425
eyes	2426
lee	2427
wilson	2428
wounded	2429
mass	2430
immediate	2431
juan	2432
division	2433
sorry	2434
fairnessforall	2435
co-sponsor	2436
inaugural	2437
standard	2438
accessible	2439
records	2440
previously	2441
couple	2442
complex	2443
tweet	2444
israeli	2445
curb	2446
stamp	2447
evidence	2448
noon	2449
reached	2450
mitchell	2451
engine	2452
injured	2453
recover	2454
sobre	2455
ptsd	2456
condolences	2457
cantor	2458
dreamers	2459
good-paying	2460
older	2461
youtube	2462
adults	2463
bright	2464
northeast	2465
regulation	2466
hospitals	2467
1pm	2468
agents	2469
regular	2470
rice	2471
loved	2472
fl	2473
african	2474
ûïthis	2475
driving	2476
madison	2477
ûïwe	2478
net	2479
transfer	2480
amdt	2481
throw	2482
18	2483
headquarters	2484
courts	2485
scotus	2486
dhs	2487
texans	2488
producing	2489
delayed	2490
choices	2491
device	2492
walk	2493
conservation	2494
tv	2495
annually	2496
owe	2497
customers	2498
lessons	2499
getcovered	2500
alan	2501
sex	2502
guarantee	2503
corporations	2504
jackson	2505
servicemen	2506
backs	2507
jerusalem	2508
pacific	2509
meaningful	2510
goals	2511
dome	2512
source	2513
cap	2514
1/2	2515
risks	2516
strategic	2517
election	2518
favor	2519
launch	2520
terrible	2521
grown	2522
jewish	2523
claim	2524
discretion	2525
cents	2526
customs	2527
lady	2528
appreciated	2529
answered	2530
deficits	2531
deaths	2532
severe	2533
probably	2534
communication	2535
anything	2536
clinton	2537
unilaterally	2538
extension	2539
agreed	2540
modern	2541
nine	2542
unprecedented	2543
assistant	2544
blocking	2545
pope	2546
santa	2547
sales	2548
encouraged	2549
secret	2550
succeeds	2551
directly	2552
homelessness	2553
90	2554
bay	2555
campus	2556
results	2557
imagine	2558
parts	2559
gang	2560
greatly	2561
las_cruces	2562
20th	2563
empower	2564
bronze	2565
diverse	2566
pete	2567
doctor	2568
default	2569
sound	2570
stability	2571
unable	2572
blame	2573
monuments	2574
saved	2575
motion	2576
newest	2577
turning	2578
ally	2579
updated	2580
ur	2581
magazine	2582
year-old	2583
moments	2584
combined	2585
southwest	2586
6th	2587
yesterday's	2588
larry	2589
boko_haram	2590
deferred	2591
medicine	2592
saving	2593
fine	2594
clarity	2595
voices	2596
enter	2597
ig	2598
j	2599
regulatory	2600
delays	2601
bravely	2602
delivering	2603
display	2604
rail	2605
remind	2606
hawai'i	2607
bush	2608
soldier	2609
dog	2610
commend	2611
bombing	2612
senatemustact	2613
pearce	2614
tried	2615
failing	2616
holidays	2617
approving	2618
chuck	2619
door	2620
filled	2621
defundobamacare	2622
failures	2623
offset	2624
he'll	2625
shooting	2626
41st	2627
dan	2628
unnecessary	2629
capabilities	2630
steven	2631
refuse	2632
guys	2633
outbreak	2634
co-sponsored	2635
productive	2636
flown	2637
stores	2638
suffered	2639
approved	2640
husband	2641
founded	2642
enable	2643
bureaucracy	2644
roll	2645
clinic	2646
sustainable	2647
institutions	2648
2.5	2649
collect	2650
village	2651
wilmington	2652
note	2653
requests	2654
tragedies	2655
improvements	2656
committees	2657
participants	2658
sit	2659
hearings	2660
survivor	2661
contraception	2662
hobbylobby	2663
recommit	2664
square	2665
decades	2666
vfw	2667
section	2668
cultural	2669
dod	2670
angeles	2671
c-span	2672
normandy	2673
3pm	2674
500	2675
garden	2676
completed	2677
ma	2678
approximately	2679
hurricane	2680
aisle	2681
impacts	2682
es	2683
reduces	2684
reaffirm	2685
physical	2686
you've	2687
carbon_emissions	2688
purchases	2689
howard	2690
suffering	2691
tool	2692
extended	2693
abortion	2694
protections	2695
isn	2696
protects	2697
shinseki	2698
cia	2699
feb	2700
unanimously	2701
tape	2702
350	2703
features	2704
minority	2705
lions	2706
premium	2707
civic	2708
lift	2709
daniel	2710
strongest	2711
@housecommerce	2712
earn	2713
greet	2714
caseworker	2715
stuck	2716
hispanic	2717
female	2718
concern	2719
indy	2720
05	2721
olathe	2722
una	2723
wood	2724
firm	2725
solar	2726
packages	2727
artwork	2728
recognizing	2729
morning's	2730
finished	2731
oct	2732
phoenix	2733
starts	2734
contributions	2735
9:30	2736
proclamation	2737
tireless	2738
bar	2739
straight	2740
commercial	2741
commemorate	2742
cemetery	2743
hood	2744
safely	2745
moore	2746
opinion	2747
reduction	2748
dem	2749
anderson	2750
divided	2751
shelter	2752
breast	2753
considering	2754
2,000	2755
affecting	2756
sitting	2757
china	2758
deployment	2759
unemployed	2760
mail	2761
attempts	2762
teach	2763
beat	2764
followed	2765
all-of-the-above	2766
low-income	2767
vs	2768
sick	2769
attached	2770
minister	2771
lifeline	2772
liberal	2773
9:00	2774
7:30	2775
remove	2776
@cnn	2777
intro	2778
instagram	2779
wall	2780
prohibit	2781
veteransday	2782
hello	2783
charity	2784
promised	2785
resolve	2786
treatments	2787
entered	2788
administration's	2789
nelson_mandela	2790
aviation	2791
standards	2792
virus	2793
nurse	2794
interns	2795
operating	2796
damaging	2797
marshall	2798
becoming	2799
col	2800
prayer	2801
jason	2802
mo	2803
misguided	2804
speaks	2805
luncheon	2806
..	2807
systems	2808
promoting	2809
dakotans	2810
cafe	2811
enemies	2812
douglas	2813
games	2814
12:30	2815
ted_cruz	2816
sanford	2817
nc	2818
petition	2819
libya	2820
egypt	2821
legally	2822
w.va	2823
initiatives	2824
common-sense	2825
dublin	2826
fit	2827
degrees	2828
definition	2829
civilian	2830
proceedings	2831
math	2832
shouldn	2833
williams	2834
house-passed	2835
bravery	2836
practice	2837
statements	2838
suit	2839
yourself	2840
shopping	2841
pride	2842
threaten	2843
oh14	2844
chambers	2845
tirelessly	2846
abc	2847
document	2848
searching	2849
fixed	2850
began	2851
50th	2852
expected	2853
founding	2854
republic	2855
salt	2856
inviting	2857
agricultural	2858
refuses	2859
treat	2860
az09	2861
smart	2862
venezuela	2863
treasury	2864
vermont	2865
earning	2866
minute	2867
belief	2868
remembering	2869
peaceful	2870
brown	2871
louisburg	2872
transparent	2873
alongside	2874
supply	2875
sugar	2876
immigrationreform	2877
decide	2878
unique	2879
enforcing	2880
rhetoric	2881
worldwide	2882
middle-class	2883
manufactured	2884
returned	2885
girl	2886
releasing	2887
confident	2888
kept	2889
30th	2890
devastated	2891
reception	2892
careers	2893
lets	2894
designate	2895
confidence	2896
highest	2897
jerry	2898
shootings	2899
depend	2900
pieces	2901
illegal	2902
discussions	2903
ensures	2904
corporal	2905
reps	2906
rush	2907
cmte	2908
skillsact	2909
classes	2910
resulted	2911
aren	2912
yr	2913
baby	2914
threatened	2915
injuries	2916
junior	2917
newtown	2918
burdens	2919
haven	2920
achievement	2921
banking	2922
islamic	2923
@nolabelsorg	2924
personally	2925
thankfully	2926
long-overdue	2927
specialist	2928
reasonable	2929
wanted	2930
veto	2931
entries	2932
lexington	2933
everybody	2934
frustrated	2935
weight	2936
iraqi	2937
disastrous	2938
serves	2939
executives	2940
transit	2941
dozens	2942
nevada	2943
sweet	2944
neil	2945
fwd	2946
alternative	2947
nv03	2948
ft	2949
featured	2950
performance	2951
numerous	2952
mtg	2953
weapons	2954
dobbs	2955
hand	2956
msnbc's	2957
coastal	2958
35	2959
proof	2960
wrapped	2961
input	2962
written	2963
@statedept	2964
syndrome	2965
rutland	2966
multiple	2967
abroad	2968
overall	2969
sustained	2970
minimum	2971
increasingly	2972
passport	2973
master	2974
honorable	2975
ncpol	2976
crew	2977
moves	2978
milk	2979
thanking	2980
edward	2981
subject	2982
gridlock	2983
non-profit	2984
41	2985
htt	2986
fishing	2987
bailout	2988
documents	2989
climatechange	2990
nih	2991
involving	2992
impose	2993
race	2994
regardless	2995
27	2996
municipal	2997
ui	2998
renewable	2999
wv	3000
letting	3001
dark	3002
thinking	3003
entitled	3004
patrick's	3005
cheese	3006
min	3007
larger	3008
tens	3009
doors	3010
yours	3011
covering	3012
express	3013
short	3014
vernon	3015
reed	3016
pecan	3017
100th	3018
inclusive	3019
distinguished	3020
township	3021
stephen	3022
ones	3023
broke	3024
losses	3025
cuban	3026
eighth	3027
brief	3028
accident	3029
tow	3030
hanging	3031
graduate	3032
dyess	3033
applicants	3034
pictures	3035
behavior	3036
fisa	3037
hydropower	3038
van	3039
mandatory	3040
expired	3041
male	3042
accomplish	3043
eliminates	3044
applying	3045
value	3046
gopbudget	3047
zip	3048
easter	3049
population	3050
lord	3051
city's	3052
stops	3053
flawed	3054
md	3055
polls	3056
cushing	3057
attempt	3058
eight	3059
financing	3060
claire	3061
granted	3062
hometown	3063
accepting	3064
slavery	3065
contrary	3066
nelson	3067
differences	3068
stands	3069
taliban	3070
itself	3071
analysis	3072
taunton	3073
enoughalready	3074
carbon	3075
wellness	3076
warner	3077
advocates	3078
p2	3079
implementing	3080
preventive	3081
worry	3082
allied	3083
prison	3084
thrive	3085
socialsecurity	3086
preservation	3087
retired	3088
jones	3089
prosperity	3090
askdems	3091
preserving	3092
judge	3093
natl	3094
courtesy	3095
ca15	3096
degree	3097
affordability	3098
considers	3099
vehicle	3100
bypass	3101
pregnancy	3102
powers	3103
teamusa	3104
oppose	3105
@waysandmeansgop	3106
stopthesequester	3107
sixth	3108
columbus	3109
i'd	3110
loopholes	3111
counting	3112
didn	3113
alma	3114
finest	3115
engage	3116
supplies	3117
ûªconnor	3118
gdp	3119
they're	3120
dec	3121
clark	3122
jose	3123
uses	3124
determine	3125
flooding	3126
bend	3127
timely	3128
exceptional	3129
crack	3130
surprise	3131
visitors	3132
baseball	3133
ill	3134
salary	3135
destroy	3136
estimates	3137
reckless	3138
commonwealth	3139
boehner	3140
declared	3141
purpose	3142
version	3143
balances	3144
mexicans	3145
reauthorize	3146
dallas	3147
patriots	3148
barry	3149
ar1	3150
activist	3151
@senrandpaul	3152
trouble	3153
basketball	3154
notion	3155
mothers	3156
usda	3157
maria	3158
believes	3159
teams	3160
ease	3161
3436	3162
deportation	3163
advancing	3164
preparedness	3165
urgent	3166
life-saving	3167
shameful	3168
experienced	3169
shares	3170
nov	3171
manufacturers	3172
coach	3173
rob	3174
griffith	3175
points	3176
payments	3177
plenty	3178
chosen	3179
wasn't	3180
ron	3181
detroit	3182
scheduled	3183
neighborhoods	3184
ballot	3185
nominate	3186
letters	3187
reaction	3188
debates	3189
seriously	3190
highlighted	3191
sanctions	3192
causing	3193
hurts	3194
humbled	3195
statue	3196
frederick	3197
wonder	3198
caught	3199
independenceday	3200
tourism	3201
lowers	3202
revelations	3203
dear	3204
ralph	3205
hungry	3206
implemented	3207
avert	3208
underway	3209
witness	3210
sea	3211
bryan	3212
@senblumenthal	3213
cleanup	3214
framework	3215
regions	3216
moms	3217
talks	3218
stigma	3219
appearance	3220
d-ca	3221
earthday	3222
locally	3223
horrific	3224
fantastic	3225
gulf	3226
scientists	3227
loan	3228
philadelphia	3229
fy	3230
enterprise	3231
journey	3232
tired	3233
achieving	3234
pt	3235
raises	3236
graham	3237
acting	3238
proven	3239
ideology	3240
maintain	3241
described	3242
mine	3243
raì	3244
album	3245
defeat	3246
downtown	3247
authorize	3248
alaskans	3249
connect	3250
speedy	3251
title	3252
subscribe	3253
useful	3254
healthier	3255
grocery	3256
henderson	3257
ayotte	3258
chancellor	3259
ran	3260
@usarmy	3261
planes	3262
tyranny	3263
oregon	3264
efficient	3265
lucky	3266
azerbaijan	3267
warning	3268
-->	3269
collection	3270
closely	3271
inspiration	3272
similar	3273
world's	3274
primary	3275
drilling	3276
costing	3277
revenues	3278
people's	3279
ndaa	3280
unions	3281
grave	3282
nm	3283
widespread	3284
nbc	3285
brokenpromises	3286
wolf	3287
heads	3288
charter	3289
graders	3290
az05	3291
ideals	3292
brandon	3293
eye	3294
conduct	3295
professional	3296
sometimes	3297
manager	3298
snowden	3299
12:00	3300
gilbert	3301
francis	3302
jacob	3303
fault	3304
65	3305
politicians	3306
simpson	3307
execute	3308
model	3309
excuse	3310
football	3311
trinity	3312
schultz	3313
edition	3314
subsidies	3315
generate	3316
hiv	3317
neverforget	3318
extra	3319
typical	3320
commander	3321
criminals	3322
explains	3323
supporter	3324
rating	3325
respond	3326
diversity	3327
wins	3328
meals	3329
25,000	3330
contracts	3331
gov't	3332
gain	3333
bordercrisis	3334
wheeling	3335
9am	3336
brings	3337
telemedicine	3338
appointment	3339
litigation	3340
absolutely	3341
aids	3342
tues	3343
lobby	3344
traveling	3345
lies	3346
medicareadvantage	3347
confront	3348
adult	3349
bliss	3350
2day	3351
bronx	3352
enroll	3353
bonuses	3354
jobless	3355
dropped	3356
52	3357
responded	3358
kelly	3359
pelosi	3360
supporters	3361
ball	3362
rosa	3363
confirmation	3364
fixing	3365
horrible	3366
aging	3367
iron	3368
impt	3369
sens	3370
19th	3371
ar	3372
awful	3373
unanimous	3374
@natresources	3375
greg	3376
outcomes	3377
assaults	3378
chris	3379
connected	3380
plants	3381
roads	3382
kidnapped	3383
breaks	3384
associated	3385
puerto	3386
remembrance	3387
false	3388
prices	3389
notify	3390
childhood	3391
joinrepwilson	3392
continental	3393
7th	3394
servant	3395
vision	3396
anywhere	3397
nigerian	3398
wine	3399
declaration	3400
incl	3401
founders	3402
classic	3403
pays	3404
hang	3405
first-hand	3406
bowl	3407
appointments	3408
recess	3409
semper	3410
arms	3411
hatch	3412
attacked	3413
thinks	3414
pro-growth	3415
mesa	3416
floods	3417
couldn't	3418
il	3419
expressed	3420
murdered	3421
errors	3422
monroe	3423
5:30	3424
classroom	3425
ave	3426
nv	3427
orientation	3428
hamas	3429
bergdahl	3430
1969	3431
7:10	3432
interior	3433
utpol	3434
soul	3435
cong	3436
teens	3437
mayors	3438
albuquerque	3439
walked	3440
irsscandal	3441
bound	3442
buck	3443
fresh	3444
womensucceed	3445
storms	3446
actonclimate	3447
pastor	3448
claimed	3449
launched	3450
supreme	3451
rancho	3452
promising	3453
janet	3454
applied	3455
selfie	3456
perry	3457
graduates	3458
keith	3459
farmington	3460
manchester	3461
fmla	3462
michelle	3463
@senatorbarb	3464
qs	3465
longest	3466
wi	3467
deserves	3468
@grahamblog	3469
rsvp	3470
est	3471
1/3	3472
showcase	3473
crash	3474
mistake	3475
nat'l	3476
expense	3477
@interior	3478
madeinwi	3479
cooking	3480
faces	3481
nominee	3482
undermine	3483
inaction	3484
@gopleader	3485
yourtime	3486
endhungernow	3487
senate's	3488
rain	3489
harming	3490
unfairly	3491
incomes	3492
reject	3493
shld	3494
econ	3495
initial	3496
fortner	3497
roughly	3498
furloughs	3499
mentor	3500
charlotte	3501
alvin	3502
yorkers	3503
predicted	3504
servicemembers	3505
collected	3506
indian	3507
fl18	3508
collins	3509
agrees	3510
unaccompanied	3511
celebrates	3512
springfield	3513
2005	3514
sisters	3515
banner	3516
danger	3517
rhode	3518
valor	3519
syrian	3520
answering	3521
17th	3522
stamps	3523
appeal	3524
expedite	3525
irresponsible	3526
wildfires	3527
lopez	3528
esa	3529
casa	3530
solvers	3531
victim	3532
famous	3533
parliament	3534
spare	3535
y'all	3536
bankruptcy	3537
gosnell	3538
accepted	3539
rock	3540
jumpstart	3541
mount	3542
spur	3543
offshore	3544
acu	3545
connecticut	3546
unfortunate	3547
chag	3548
sameach	3549
hockey	3550
15th	3551
setting	3552
jon	3553
impressed	3554
32	3555
incoming	3556
mitigation	3557
lending	3558
pump	3559
choosing	3560
corporation	3561
denied	3562
awesome	3563
300,000	3564
susan	3565
heroin	3566
hanukkah	3567
passengers	3568
93	3569
offers	3570
globally	3571
distinction	3572
critically	3573
demands	3574
plus	3575
stream	3576
advanced	3577
maddow	3578
dover	3579
fda	3580
admitted	3581
defending	3582
disagree	3583
disappointment	3584
therefore	3585
likes	3586
voters	3587
1,000	3588
breakthrough	3589
wasting	3590
kickoff	3591
streamline	3592
threats	3593
prestigious	3594
appear	3595
southeast	3596
feeling	3597
truck	3598
drivers	3599
welfare	3600
intended	3601
faculty	3602
holds	3603
reid	3604
suspect	3605
endure	3606
shortage	3607
unborn	3608
prolife	3609
knives	3610
listened	3611
maneuvers	3612
spokane	3613
engineers	3614
principle	3615
jordan	3616
oh	3617
reduced	3618
1:00	3619
consulate	3620
@amyklobuchar	3621
developments	3622
presidents	3623
wearing	3624
minorities	3625
explaining	3626
75	3627
angel	3628
rein	3629
putin	3630
russian	3631
racial	3632
subjected	3633
improved	3634
68	3635
challenging	3636
merry	3637
insure	3638
rick	3639
luis	3640
nancy	3641
flynn	3642
mo8	3643
testament	3644
emerging	3645
houston	3646
reopening	3647
harbor	3648
1941	3649
meant	3650
canceled	3651
destruction	3652
matt	3653
lehigh	3654
2008	3655
acaworks	3656
humane	3657
unwavering	3658
supplemental	3659
merchant	3660
zero	3661
vegas	3662
responds	3663
write	3664
indigenous	3665
greenhouse	3666
inside	3667
lou	3668
ginny	3669
95	3670
thee	3671
christians	3672
montana	3673
40,000	3674
tahmooressi	3675
bucks	3676
@nytimes	3677
countdown	3678
12pm	3679
grew	3680
delawareans	3681
bridges	3682
poll	3683
unfair	3684
linked	3685
hospitality	3686
stronger	3687
lived	3688
3:00	3689
posts	3690
demonstrated	3691
stormed	3692
globe	3693
progressive	3694
momentum	3695
closure	3696
convention	3697
up-to-date	3698
veteran's	3699
enacted	3700
signature	3701
nfl	3702
northwest	3703
relations	3704
permanently	3705
expanded	3706
repairs	3707
shore	3708
breaches	3709
metro	3710
->	3711
box	3712
fcc	3713
wake	3714
academic	3715
13th	3716
aren't	3717
wear	3718
transition	3719
employs	3720
requirement	3721
interference	3722
debating	3723
jay	3724
1945	3725
episcopal	3726
solidarity	3727
precedent	3728
pick	3729
specifically	3730
acres	3731
represented	3732
component	3733
counsel	3734
unanswered	3735
reminds	3736
disappointing	3737
delta	3738
municipalities	3739
altogether	3740
jimmy	3741
wide	3742
knowing	3743
severely	3744
band	3745
invasion	3746
wyoming	3747
utilizing	3748
symbol	3749
demanding	3750
solemn	3751
obtain	3752
deputy	3753
vita	3754
sacred	3755
treated	3756
conflict	3757
skilled	3758
steam	3759
advancement	3760
walking	3761
heartbreaking	3762
summary	3763
ammunition	3764
wars	3765
placed	3766
contribution	3767
part-time	3768
whip	3769
physician	3770
treats	3771
milford	3772
testified	3773
tackle	3774
links	3775
ocean	3776
t1d	3777
round-up	3778
married	3779
cross	3780
prevents	3781
pilot	3782
buildings	3783
horrendous	3784
lieutenant	3785
orlando	3786
shop	3787
towers	3788
retiring	3789
compensation	3790
die	3791
honors	3792
captain	3793
stephenville	3794
wematter	3795
rodeo	3796
poison	3797
dropping	3798
somerset	3799
ruth	3800
pledge	3801
arrested	3802
settled	3803
hunting	3804
immigrant	3805
messages	3806
garza	3807
topics	3808
grande	3809
pictured	3810
certificate	3811
cash	3812
darkest	3813
roles	3814
loophole	3815
justin	3816
maxwell	3817
traditions	3818
jefferson	3819
notmybossbusiness	3820
draw	3821
religion	3822
sam	3823
letstalk	3824
shot	3825
cold	3826
advocacy	3827
leaving	3828
humanitarian	3829
2.2	3830
contract	3831
imperative	3832
defunding	3833
shale	3834
boom	3835
driver	3836
sources	3837
faced	3838
urged	3839
shout	3840
burlington	3841
consistent	3842
filed	3843
retirees	3844
enda	3845
detection	3846
alzheimer's	3847
crossing	3848
safeguard	3849
newsroom	3850
defining	3851
literally	3852
deep	3853
stewart	3854
sue	3855
practices	3856
backbone	3857
upstate	3858
queens	3859
admission	3860
silver	3861
dealing	3862
comply	3863
harold	3864
devotion	3865
unconstitutional	3866
ford	3867
advocating	3868
delivered	3869
realize	3870
kroger	3871
wisconsin	3872
targeted	3873
troop	3874
effectiveness	3875
out-of-control	3876
signs	3877
tournament	3878
apart	3879
television	3880
1965	3881
babs	3882
extends	3883
37th	3884
music	3885
ranked	3886
urges	3887
gardens	3888
receives	3889
violating	3890
@facebook	3891
gary	3892
clemson	3893
equally	3894
announces	3895
02	3896
harder	3897
2/2	3898
auto	3899
deserving	3900
bismarck	3901
symposium	3902
100,000	3903
completely	3904
organizing	3905
jerseyans	3906
hayward	3907
charles	3908
indiscriminate	3909
repealing	3910
franklin	3911
huskies	3912
classified	3913
conf	3914
rico	3915
alex	3916
bond	3917
text	3918
pretty	3919
hook	3920
ar3	3921
brian	3922
hills	3923
legion	3924
burns	3925
gross	3926
fans	3927
treasure	3928
overcome	3929
patriot	3930
stars	3931
aimed	3932
nature	3933
hate	3934
dana	3935
matters	3936
gea	3937
tree	3938
carl	3939
purse	3940
eagles	3941
dave	3942
disability	3943
outdated	3944
dragging	3945
tornadoes	3946
in-person	3947
well-being	3948
politico	3949
hey	3950
rs	3951
ds	3952
dingell	3953
theme	3954
foster	3955
tsa	3956
seeks	3957
marines	3958
tuition	3959
finds	3960
waroncoal	3961
pathway	3962
vet	3963
cbs	3964
8p	3965
beer	3966
quote	3967
@darrellissa	3968
argument	3969
drought	3970
supposed	3971
valuable	3972
diplomatic	3973
unsustainable	3974
pleasant	3975
smallbiz	3976
ny22	3977
tony	3978
granite	3979
hobby	3980
guess	3981
@repdesantis	3982
shaheen	3983
gilmer	3984
blood	3985
communications	3986
robinson	3987
mill	3988
chaired	3989
lie	3990
absolute	3991
hudson	3992
laboratory	3993
abandoned	3994
vast	3995
honest	3996
impacting	3997
cutwaste	3998
boat	3999
ellen	4000
shown	4001
4:30	4002
rescue	4003
monument	4004
acted	4005
goldwater	4006
excuses	4007
forbes	4008
@mariodb	4009
ymca	4010
partner	4011
fy14	4012
daca	4013
@roslehtinen	4014
examine	4015
ignoring	4016
dysfunction	4017
2:00	4018
therapy	4019
inland	4020
liking	4021
implications	4022
complicated	4023
marlowe	4024
craft	4025
unveiled	4026
bipartisanship	4027
prosecutor	4028
test	4029
kck	4030
@huffpostpol	4031
sinema	4032
flying	4033
guy	4034
@peacecorps	4035
addresses	4036
large	4037
design	4038
karen	4039
actively	4040
dress	4041
seminar	4042
tarrant	4043
memorialday	4044
chinwe	4045
wa	4046
range	4047
cte	4048
extensive	4049
mentalhealth	4050
issa	4051
halt	4052
@edshow	4053
grassley	4054
liked	4055
mn	4056
quicker	4057
obviously	4058
prez	4059
pressure	4060
aircraft	4061
episode	4062
stifle	4063
eat	4064
enormous	4065
gear	4066
reminded	4067
communist	4068
size	4069
germany	4070
easily	4071
penalties	4072
rails	4073
08	4074
ship	4075
warriors	4076
doma	4077
biden	4078
scourge	4079
vp	4080
betty	4081
marriages	4082
brighter	4083
meth	4084
rwanda	4085
enact	4086
tn06	4087
uscis	4088
ride	4089
alice	4090
ûïas	4091
koskinen	4092
180	4093
schrader	4094
az06	4095
speaker's	4096
kdka	4097
evil	4098
cowboy	4099
paved	4100
airline	4101
lowell	4102
france	4103
flute	4104
opened	4105
reauthorization	4106
lo	4107
empire	4108
tribune	4109
cowboys	4110
shannon	4111
rotary	4112
remained	4113
graduated	4114
1942	4115
steadfast	4116
overland	4117
tarleton	4118
experts	4119
homecoming	4120
beloved	4121
heinous	4122
idol	4123
self-inflicted	4124
lew	4125
catastrophe	4126
exact	4127
rewarding	4128
intention	4129
stockton	4130
shores	4131
passion	4132
602-956-2285	4133
lewallen	4134
messler	4135
doctor-patient	4136
convince	4137
unintended	4138
dealt	4139
sbir	4140
anchorage	4141
uc	4142
perhaps	4143
empowering	4144
interfere	4145
contractor	4146
annecchini	4147
debated	4148
byrne	4149
al01	4150
huntington	4151
alliance	4152
senseless	4153
brutal	4154
whatever	4155
yunus	4156
charges	4157
contamination	4158
teletown	4159
guarantees	4160
ûïwhat	4161
1-800-318-2596	4162
obstructionism	4163
reichert	4164
positions	4165
thriving	4166
irish	4167
ûóand	4168
babies	4169
ups	4170
hillsboro	4171
badge	4172
underground	4173
district's	4174
ranging	4175
aware	4176
claus	4177
fatherhood	4178
heights	4179
helicopter	4180
sacramento	4181
objectives	4182
millones	4183
holy	4184
@senatorleahy	4185
gather	4186
ramadan	4187
opposite	4188
fortunate	4189
waxhaw	4190
promedio	4191
generous	4192
nick	4193
shame	4194
procedures	4195
uniquely	4196
planet	4197
bourbon	4198
dije	4199
1979	4200
internships	4201
serrano	4202
harris	4203
memorials	4204
subsidy	4205
pierce	4206
refurbish	4207
adequately	4208
uas	4209
billionaires	4210
richest	4211
directors	4212
indiana's	4213
dempsey	4214
titled	4215
explore	4216
chart	4217
hoosier	4218
scene	4219
truthdig	4220
recommendations	4221
conducting	4222
mercer	4223
clarke	4224
hikes	4225
incredibly	4226
manchin	4227
findings	4228
notices	4229
beneficial	4230
amt	4231
enjoying	4232
drones	4233
blvd	4234
chapter	4235
casework	4236
heat	4237
issuing	4238
established	4239
va06	4240
wotc	4241
suitable	4242
referred	4243
ûïtop	4244
repeatedly	4245
deanna	4246
developing	4247
jeffry	4248
pabs	4249
overwhelming	4250
uacs	4251
expands	4252
otherwise	4253
conferees	4254
various	4255
negotiator	4256
philippines	4257
internment	4258
option	4259
african-american	4260
concluded	4261
samuel	4262
lytton	4263
lyttonsville	4264
surgery	4265
connection	4266
@uscapitol	4267
underscores	4268
96	4269
perspective	4270
2.8	4271
strawberry	4272
5:00	4273
chose	4274
watson	4275
competitiveness	4276
shekau	4277
forefront	4278
thy	4279
legislatures	4280
rand	4281
daines	4282
fleming	4283
gathering	4284
noise	4285
economies	4286
catastrophic	4287
governments	4288
suggest	4289
silicon	4290
tolerated	4291
macon	4292
expensing	4293
70th	4294
wildlife	4295
happiness	4296
manhattan	4297
passover	4298
charlie	4299
patient-centered	4300
difficulty	4301
contained	4302
californians	4303
physicians	4304
nurses	4305
relationships	4306
deepest	4307
legislator	4308
copy	4309
law-abiding	4310
sign-up	4311
fairs	4312
sums	4313
relieve	4314
sluggish	4315
criticized	4316
removing	4317
starters	4318
strategies	4319
significantly	4320
superintendent	4321
rotc	4322
wreck	4323
honorably	4324
cdt	4325
threatens	4326
duncan	4327
looked	4328
ethanol	4329
anyway	4330
accurate	4331
analyses	4332
5k	4333
wk	4334
survey	4335
noted	4336
cheer	4337
tribes	4338
heavy	4339
presidente	4340
gutierrez	4341
armstrong	4342
stock	4343
incentive	4344
surprised	4345
dying	4346
beth	4347
harry	4348
reid's	4349
deseree	4350
harness	4351
1620	4352
chairing	4353
achieved	4354
capture	4355
suffolk	4356
lilia	4357
virginians	4358
martinez	4359
resiliency	4360
counseling	4361
piecemeal	4362
writing	4363
cream	4364
gained	4365
pa	4366
notes	4367
friendly	4368
competing	4369
debilitating	4370
francisco	4371
amtrak	4372
chronicle	4373
obtaining	4374
emergencies	4375
preventing	4376
sensible	4377
griffith's	4378
sigma	4379
paper	4380
darice	4381
resume	4382
fell	4383
interning	4384
ribbon	4385
expertise	4386
recorded	4387
elizabeth	4388
seafood	4389
focusing	4390
subsidized	4391
powerhouse	4392
lawn	4393
taught	4394
150th	4395
emancipation	4396
injustice	4397
huffington	4398
arrests	4399
ownership	4400
delight	4401
landmark	4402
mathematics	4403
impart	4404
99	4405
superstorm	4406
westchester	4407
diane	4408
proved	4409
funded	4410
tennesseans	4411
lawful	4412
assessment	4413
infected	4414
garabrant	4415
fencing	4416
operate	4417
they've	4418
bread	4419
guidelines	4420
assigned	4421
children's	4422
apparent	4423
lamborn	4424
beaver	4425
massachusetts	4426
lecture	4427
maintaining	4428
deductible	4429
sponsors	4430
dangers	4431
esteem	4432
continually	4433
fuels	4434
nba	4435
ken	4436
benefitting	4437
warned	4438
laredo	4439
inspire	4440
outreach	4441
ninth	4442
corridor	4443
vera	4444
cuellar	4445
oped	4446
sba	4447
helen	4448
fishermen	4449
counterparts	4450
77	4451
compared	4452
sullivan	4453
rivers	4454
restoration	4455
camps	4456
katherine	4457
carlsbad	4458
overhaul	4459
treating	4460
streets	4461
anthony	4462
earl	4463
darrell	4464
26th	4465
barbara	4466
struggles	4467
humanity	4468
navigating	4469
kgw	4470
extremists	4471
170	4472
forks	4473
garrison	4474
6:30	4475
wilderness	4476
renewed	4477
cathy	4478
mcmorris	4479
rodgers	4480
weren't	4481
quarter	4482
5:45	4483
innovations	4484
ukrainian	4485
felt	4486
unknown	4487
surgical	4488
completion	4489
renaissance	4490
installation	4491
calendar	4492
tower	4493
partnering	4494
delaware	4495
importantly	4496
illness	4497
islanders	4498
greta	4499
passionate	4500
hoyer	4501
hiring	4502
spelling	4503
topeka	4504
homeowners	4505
lab	4506
www.healthcare.gov	4507
gettysburg	4508
exists	4509
nominated	4510
struggled	4511
shining	4512
si	4513
tiene	4514
ayudar	4515
900	4516
se	4517
hopes	4518
mìás	4519
insider	4520
fri	4521
earns	4522
er	4523
@iowademocrats	4524
foot	4525
int	4526
hotel	4527
farley	4528
78	4529
submissions	4530
skill	4531
robust	4532
taylor	4533
pen	4534
borrowers	4535
unless	4536
pause	4537
champions	4538
volleyball	4539
dead	4540
long-time	4541
foley	4542
industries	4543
ûïa	4544
fruit	4545
valentines	4546
demonstrates	4547
belong	4548
pork	4549
grove	4550
fan	4551
mother's	4552
garamendi	4553
avenue	4554
@repkevinbrady	4555
exhibit	4556
140	4557
jumped	4558
resulting	4559
stadium	4560
protective	4561
runaway	4562
accessing	4563
danville	4564
projected	4565
avg	4566
violate	4567
airs	4568
49th	4569
graves	4570
gruber	4571
tmrw	4572
cumberland	4573
bomb	4574
endalz	4575
4351	4576
@cspan	4577
enhancement	4578
definitely	4579
chain	4580
preview	4581
cancelled	4582
approps	4583
rogers	4584
6am	4585
@repjustinamash	4586
wreath	4587
douglass	4588
juneteenth	4589
@senatorcardin	4590
9,000	4591
aim	4592
delicious	4593
seat	4594
gabbard	4595
recession	4596
harper	4597
unconscionable	4598
crapo	4599
missile	4600
cat	4601
rodney	4602
mn03	4603
characters	4604
rio	4605
tribal	4606
@senatormenendez	4607
body	4608
wasn	4609
countless	4610
color	4611
clip	4612
happens	4613
falling	4614
20,000	4615
1964	4616
outcome	4617
who's	4618
fights	4619
lebanon	4620
nonettax	4621
reforming	4622
lay	4623
india	4624
dyslexia	4625
screening	4626
flights	4627
cabinet	4628
cliff	4629
pics	4630
promotion	4631
well-deserved	4632
adopted	4633
oh16	4634
@thedemocrats	4635
couldn	4636
engineer	4637
unite	4638
himself	4639
understanding	4640
on-going	4641
unlawful	4642
rejected	4643
self	4644
pipelines	4645
bennett	4646
markey	4647
violation	4648
ignored	4649
@senmikelee	4650
properties	4651
insight	4652
restrict	4653
cup	4654
sadly	4655
era	4656
@repduckworth	4657
shipbuilding	4658
ingalls	4659
deserved	4660
insurers	4661
80	4662
relieved	4663
rebate	4664
explain	4665
bears	4666
animal	4667
irrational	4668
stated	4669
@housegop	4670
pell	4671
ingenuity	4672
@appropsdems	4673
testing	4674
highly	4675
@us_fda	4676
mater	4677
filibuster	4678
narrow	4679
overdue	4680
predators	4681
affects	4682
fame	4683
lewis	4684
taxreform	4685
@repdavecamp	4686
@senatedems	4687
throwbackthursday	4688
opportunityplan	4689
teen	4690
task	4691
hard-working	4692
turkey	4693
@housescience	4694
rip	4695
il05	4696
divisive	4697
toon	4698
courageous	4699
leahy	4700
chiefs	4701
passmjia	4702
lane	4703
boss	4704
mostly	4705
fracking	4706
diseases	4707
admits	4708
asia	4709
@stewsays	4710
@smallbizgop	4711
vista	4712
fb	4713
deploy	4714
battalion	4715
seattle	4716
missing	4717
deeper	4718
unveiling	4719
@repjeffdenham	4720
roosevelt	4721
humanities	4722
confronting	4723
partnerships	4724
symptoms	4725
airing	4726
fairshot	4727
european	4728
atlanta	4729
opener	4730
biomedical	4731
hay	4732
@aldotcom	4733
@loudobbsnews	4734
noh8onthehill	4735
prevented	4736
arc	4737
expandmedicaidnow	4738
lifting	4739
farming	4740
featuring	4741
payday	4742
schoolchoice	4743
quo	4744
golden	4745
must-read	4746
@senateapprops	4747
@uschamber	4748
awhile	4749
yellen	4750
doubling	4751
equip	4752
kim	4753
marked	4754
infantry	4755
sees	4756
confusing	4757
ashland	4758
discusses	4759
incentivize	4760
roe	4761
smarter	4762
forthood	4763
vacant	4764
appoint	4765
cirmeansjobs	4766
digital	4767
renewing	4768
credibility	4769
ronald	4770
persecution	4771
hatred	4772
lautenberg	4773
daughter	4774
recording	4775
@repmartharoby	4776
veteran-owned	4777
@greggharper	4778
precision	4779
åê	4780
wise	4781
exec	4782
drawing	4783
mineta	4784
intl	4785
favorites	4786
portions	4787
makeitinamerica	4788
@aipac	4789
gala	4790
fischer	4791
ncaa	4792
@ksatnews	4793
82	4794
middleclassfirst	4795
sole	4796
sanchez	4797
museums	4798
nigeria	4799
nashville	4800
cromnibus	4801
tidings	4802
@rephartzler	4803
@americanlegion	4804
lunenburg	4805
lurching	4806
nc08	4807
mountains	4808
icons	4809
sell	4810
influential	4811
brad	4812
watchdog	4813
ravens	4814
mepolitics	4815
distribution	4816
hundred	4817
lucha	4818
libertad	4819
path2cures	4820
sochi2014	4821
sochi	4822
@repjoseserrano	4823
vehicles	4824
bucshon	4825
tx25	4826
30am	4827
nra	4828
@meetthepress	4829
listings	4830
90th	4831
exercising	4832
nd	4833
hashtag	4834
hidden	4835
netde	4836
encourages	4837
gunviolence	4838
politically	4839
parent	4840
suggestions	4841
backwards	4842
brother	4843
citation	4844
@repchrissmith	4845
brennan	4846
quite	4847
retaliation	4848
literacy	4849
verification	4850
desde	4851
fifty	4852
rayburn	4853
driven	4854
frightening	4855
ppl	4856
10:00	4857
stopgovtabuse	4858
jared	4859
profile	4860
founder	4861
reporting	4862
species	4863
listing	4864
adopt	4865
repealed	4866
turned	4867
pushed	4868
andrea	4869
cedar	4870
core	4871
fi	4872
distracted	4873
williamson	4874
cleveland	4875
afb	4876
super	4877
ordered	4878
manufacturer	4879
expert	4880
ted	4881
guests	4882
marched	4883
clockwise	4884
cuomo	4885
olympians	4886
dakota	4887
furlough	4888
bat	4889
disregard	4890
involvement	4891
clock	4892
filing	4893
vra	4894
400	4895
fullrepeal	4896
snow	4897
unelected	4898
silent	4899
@virginiafoxx	4900
russians	4901
joseph	4902
re-election	4903
creek	4904
warrior	4905
stop22aday	4906
unbelievable	4907
ohioans	4908
harrisburg	4909
sally	4910
condemn	4911
stations	4912
oregonians	4913
awarding	4914
kiwanis	4915
earthquake	4916
haiti	4917
lawless	4918
health-care	4919
valentine	4920
sold	4921
olive	4922
stafford	4923
yell	4924
endowment	4925
67	4926
purposes	4927
contractors	4928
prefer	4929
pocket	4930
plain	4931
quick	4932
surge	4933
provider	4934
courthouse	4935
centerville	4936
incumbent	4937
minors	4938
isla	4939
lasen	4940
meanwhile	4941
disorder	4942
faithfully	4943
habit	4944
outlook	4945
duties	4946
capac	4947
bit	4948
explosion	4949
feed	4950
normal	4951
killing	4952
handle	4953
occurring	4954
guantanamo	4955
9pm	4956
flores	4957
eugene	4958
guam	4959
craig	4960
videos	4961
revolutionary	4962
properly	4963
judicial	4964
bi-partisan	4965
co-sponsors	4966
livelihood	4967
qualified	4968
midland	4969
family-owned	4970
sensitive	4971
detailed	4972
audit	4973
denver	4974
protest	4975
fremont	4976
eleven	4977
exit	4978
registration	4979
minds	4980
colorado's	4981
search	4982
jobseekers	4983
discovery	4984
observed	4985
barred	4986
wayne	4987
woodland	4988
resort	4989
defeated	4990
confirm	4991
abuses	4992
plane	4993
louis	4994
weapon	4995
prohibiting	4996
studies	4997
planned	4998
underlying	4999
users	5000
suspend	5001
scope	5002
exclusively	5003
surrounding	5004
pockets	5005
explanation	5006
capable	5007
unified	5008
establishment	5009
elect	5010
labrador	5011
bureaucratic	5012
jewell	5013
markup	5014
admiral	5015
permit	5016
marchonwashington	5017
iranian	5018
hs	5019
rd	5020
lynch	5021
als	5022
explained	5023
units	5024
42	5025
conroe	5026
btw	5027
maduro	5028
nicaragua	5029
travels	5030
cyber	5031
pr	5032
todos	5033
foundations	5034
med	5035
tests	5036
picnic	5037
stolen	5038
index	5039
precious	5040
yard	5041
@93wibc	5042
acceptable	5043
twice	5044
bp	5045
wld	5046
websites	5047
eradicate	5048
artists	5049
thru	5050
outdoors	5051
assembly	5052
controllers	5053
pending	5054
experiencing	5055
3.7	5056
38	5057
stanley	5058
jesse	5059
dates	5060
delaney	5061
candidates	5062
producers	5063
chemicals	5064
pst	5065
7:00	5066
cuyahoga	5067
co-sponsoring	5068
checking	5069
@housejudiciary	5070
guidance	5071
bold	5072
rank	5073
finalist	5074
naturalization	5075
asian	5076
newark	5077
strikes	5078
7pm	5079
oh5	5080
wv's	5081
randolph	5082
donald	5083
5:15	5084
rooting	5085
councilman	5086
pearl	5087
7/1	5088
prairie	5089
loving	5090
educate	5091
maya	5092
icon	5093
norman	5094
seekers	5095
twp	5096
wireless	5097
keynote	5098
austerity	5099
sudan	5100
ahora	5101
haley	5102
influence	5103
walter	5104
joaquin	5105
laying	5106
webster	5107
robin	5108
addiction	5109
style	5110
prep	5111
prohibition	5112
unilateral	5113
widely	5114
proves	5115
performer	5116
suppression	5117
civilians	5118
terrific	5119
disgraceful	5120
aims	5121
alive	5122
graduation	5123
barriers	5124
responsibly	5125
budgeting	5126
beauty	5127
prize	5128
buffalo	5129
oppression	5130
july4th	5131
neutrality	5132
mentioned	5133
actual	5134
1.5	5135
murder	5136
presidency	5137
shutting	5138
73	5139
donated	5140
remarkable	5141
lighting	5142
morgantown	5143
meets	5144
pose	5145
battleborn	5146
entrevista	5147
dictate	5148
asksebelius	5149
chavez	5150
prominent	5151
jump	5152
onlyindistrict1	5153
maine	5154
wh	5155
interviewed	5156
approx	5157
nevadans	5158
christening	5159
funny	5160
draft	5161
embassy	5162
gift	5163
46	5164
atlantic	5165
presser	5166
reg	5167
pro-life	5168
@repjohnkline	5169
boeing	5170
charged	5171
dodgers	5172
in-studio	5173
unbiased	5174
chained	5175
gotten	5176
co-authored	5177
